Id,Revenue,Gearing Ratio,Net Profit,Years,Assets,Valuation to Revenue ratio,VC Existing,Education
1,2380829,0.404682269,446597,7,173362,4.3,1,3
2,20324,0.43162384,-993920,1,320670,6.3,1,4
3,1234183,1,-175838,3,15999,4.9,1,2
4,2323161,0.611304677,553448,3,569951,9.4,1,1
5,1688800,0.595316224,1006026,6,134742,6.9,0,4
6,965908,0.56732116,-291608,2,526463,5.6,0,1
7,701522,0.72639517,405660,6,311519,8.7,0,2
8,920420,0.304725587,13023,6,705031,2.3,0,1
9,2137578,0.637686584,-680709,1,622640,2.5,0,1
10,2790243,0.045785011,2547434,2,560060,4.5,1,2
11,2885163,0.465247606,1684985,4,115389,9,0,4
12,652103,0.405172436,447242,2,590049,2.9,1,1
13,1451461,0.594882321,683804,5,704568,6.7,1,3
14,2083571,0.004186651,1200725,7,828344,9.3,0,4
15,2062731,0.464732081,1781054,1,524546,1.3,1,4
16,793263,0.58750481,-124633,4,570690,1.2,0,3
17,1264811,0.708614518,-227295,5,974626,2,1,4
18,2845579,0.63171645,1224381,3,263192,3.7,0,2
19,1700874,0.671258987,-679722,3,202763,2.8,0,3
20,53236,0.553093178,-446951,6,612132,1.5,0,3
21,2329434,0.489452538,739819,7,726226,4.8,0,2
22,1559153,1,538418,1,63309,2.1,0,1
23,488154,0.234463981,-948331,1,373851,6.9,1,1
24,2192445,0.725816011,-508767,2,796637,2.7,1,1
25,399549,2.57E-05,-219557,6,568463,10,0,4
26,0,0.438022367,-631747,2,438905,2,0,1
27,2655732,0.527497623,-861415,1,764491,1.4,0,1
28,1077800,0.380853425,404180,1,465332,7.5,0,2
29,468182,0.58597247,331373,5,259441,2.1,0,4
30,2797552,0.469235083,2254845,5,72777,5.7,1,3
31,20029,0.229726605,-278182,1,101728,9.9,1,2
32,2861266,0.466589801,-665681,7,279227,2.7,1,2
33,268241,0.078774562,-188399,3,200052,5.9,0,3
34,2985825,0.700723285,1814130,3,970272,5.5,0,3
35,203251,0.65816941,-92063,3,743315,1.9,1,2
36,506300,0.67582794,-690847,0,808146,6,0,2
37,1144222,0.59765132,130274,6,77606,7.7,0,2
38,2707672,0.369567778,-441077,1,766009,1.4,0,3
39,2443210,0.526479748,-158802,5,881782,6.1,0,4
40,1356706,0.408148906,447637,3,624271,2,0,4
41,46589,0.640111541,-60288,7,202481,4.4,1,1
42,2648038,0.631325778,645400,3,25547,4.2,0,4
43,969561,0.352878549,-263542,4,197655,4.9,1,4
44,440758,0.581416665,-928131,2,928356,5,1,3
45,1908513,0.670148787,-283248,1,924577,0.160542291,0,3
46,2450778,0.027213372,-49023,7,833048,7,1,3
47,1330393,0.351262797,806803,2,923140,5.6,0,4
48,1721149,0.186013345,847282,4,275178,8.6,0,3
49,2363728,0.487929959,730786,6,678497,6.6,0,2
50,965008,0.031829944,489378,4,614994,4.7,1,4
51,1885808,0.449372852,327248,5,318031,3,0,4
52,0,0.629770737,-127684,4,879393,8.5,1,3
53,1043900,0.346914149,-971265,6,256224,9.2,1,3
54,1008084,0.191378863,868051,1,393905,8.8,0,4
55,881337,0.706030971,-120072,3,789616,9.4,0,1
56,1784393,0.730319689,-872962,6,246789,7.7,0,2
57,2642090,0.04281004,-770110,2,219510,6.6,1,2
58,294607,0.133059103,-62924,4,93060,6.2,1,2
59,1549705,0.366856268,273633,5,866688,8.2,1,2
60,1395345,0.370126383,1041727,5,136385,9,0,2
61,388003,0.730626731,-387589,4,981220,9.5,1,1
62,1817824,0.302982529,1071912,4,299678,0.19364992,1,4
63,1178948,0.374631257,-470802,2,925175,4.1,0,1
64,1315847,0.090151573,-293828,5,280168,7,1,3
65,2505385,0.658215533,1600622,3,196263,2.3,0,2
66,303827,0.42744737,-472378,1,129738,7.8,1,4
67,2366152,0.170365068,-971050,6,3179,6,1,2
68,628066,0.161196883,484484,7,805540,2.6,0,2
69,2328364,0.523296313,-87745,1,290876,9.8,1,4
70,1551576,0.10678479,1403489,4,522489,1.2,1,4
71,1637548,0.273914741,710482,3,91975,7.1,1,2
72,2339210,0.637922246,1477637,2,506792,6.8,0,2
73,2542339,0.364705738,88930,6,669637,5.4,0,2
74,603970,0.323311338,-6344,7,873321,7.2,0,4
75,1106034,0.31478438,-977713,2,110724,9.6,1,3
76,809538,0.194671941,-970094,6,775735,7.1,0,3
77,1105246,0.591268659,-799881,7,307352,2.3,1,3
78,2639086,0.472959613,1442567,6,111804,2,1,4
79,2144655,0.32610374,849192,6,468591,1.7,1,4
80,231224,0.012567373,-359484,3,440618,4.9,0,1
81,2117582,0.367983269,101704,2,515936,4.5,0,3
82,751369,0.447990621,543691,2,525799,1.5,0,1
83,2445125,0.66077625,-201056,7,221352,4,1,2
84,926228,0.01422767,447438,3,483579,9,0,2
85,784480,0.727036212,-264314,3,446141,7.7,1,3
86,2513143,0.240899997,-970712,0,134646,1.9,0,4
87,245405,0.042955327,-661880,6,859319,8.5,0,1
88,1912600,0.214752401,949751,6,590999,1.1,0,2
89,1649787,0.425739157,130089,5,680888,5.1,1,1
90,725016,0.375461932,-762967,1,577986,4.4,1,4
91,2070924,0.747266707,-599789,1,740476,2.1,1,4
92,960793,0.706472265,748453,5,390429,7.5,0,3
93,20984,0.27523735,-169493,7,468342,3.8,1,3
94,2514652,0.149787893,1538732,1,413536,5.9,0,3
95,2492668,0.456227092,723226,3,793739,0.998843552,0,1
96,182425,0.713505262,-629777,4,921438,2.3,1,2
97,2838628,0.181930327,736977,6,94061,4.8,0,1
98,2064970,0.565672383,1558192,6,939006,3.5,0,4
99,524257,0.074133735,-954399,6,412047,4.5,0,1
100,2636594,0.398207828,1561071,7,991611,9.4,1,3
101,2229723,0.613186626,-674914,4,844128,5.9,0,2
102,2236526,0.739384415,1332386,7,230492,8,0,4
103,1521171,0.372833748,-186255,6,781892,7.8,1,1
104,2737735,0.107061913,656085,2,152617,5.2,0,3
105,2302653,0.733606381,922016,4,924845,1.3,0,4
106,2402309,0.233149395,1387444,5,137188,9.2,0,3
107,18301,0.146148616,-382049,2,169690,7,0,3
108,0,0.269138872,-779826,3,491105,7.3,1,2
109,2930242,0.651743599,1373986,2,18789,1.7,0,2
110,2639077,1,1716116,3,404671,8.4,0,1
111,2002506,0.408427703,1124430,3,258226,6.7,1,4
112,2447281,0.461790647,534896,1,108865,2.6,0,3
113,724293,0.194042019,450102,2,947125,3.2,0,3
114,1354135,0.484451658,-87272,3,126917,6.8,0,2
115,944938,0.636690736,-895697,2,482934,3.9,1,4
116,2219422,0.026418345,169532,5,922619,8.4,0,4
117,840450,0.070679578,495864,4,677533,2.7,1,1
118,1412082,0.26635098,201471,2,158920,5.2,0,1
119,1503437,0.208091434,593391,7,386998,6.3,0,1
120,908972,1,380843,7,658222,3.1,0,1
121,1346051,0.1810129,-283353,7,258668,6.4,1,3
122,1943991,0.484745997,1246617,0,954155,7.9,0,2
123,1308766,0.359023676,-497114,7,122941,8.1,1,2
124,761709,0.421665611,-109456,2,192023,4,0,2
125,1560400,0.359480372,-523983,1,855627,3.6,0,2
126,1882575,0.742468668,486470,4,963999,9.3,1,4
127,2483316,0.383703574,1206883,3,516858,7.1,0,4
128,913561,0.002718866,-262338,1,290830,9.6,1,2
129,1781763,0.143956512,587062,7,803221,7.7,1,1
130,1051775,0.210068594,-880722,7,592105,8.9,0,1
131,1514914,0.28521632,-475844,3,529664,7.9,1,1
132,285364,0.53082195,-112729,5,476323,2.3,1,2
133,2641058,0.447113393,-685047,6,304042,8.6,1,4
134,635129,0.092902843,-74695,2,196562,7.6,1,4
135,1000898,0.443086653,473129,6,699519,6.6,1,2
136,1412188,0.54111506,17389,4,177396,9.5,1,4
137,2543405,0.311074621,1937409,4,822539,2.5,0,1
138,1264453,0.013078324,1157716,3,966954,3.9,0,2
139,2092502,0.283251585,1102004,1,40697,2,1,1
140,2927651,0.339191748,1616584,6,871934,6.8,0,2
141,11243,0.376448509,-524417,7,225536,3,0,2
142,973803,0.109685585,-825081,3,530616,2.4,0,3
143,989516,0.693794863,249510,6,430665,7.8,1,4
144,68755,0.706046534,-763371,7,975475,6.3,0,3
145,2258002,0.147238269,939144,4,617779,2.4,1,1
146,556609,0.66201164,-718996,5,708142,9.9,1,3
147,2318805,0.163449377,-139292,4,874722,1.9,0,4
148,2835821,0.242516291,1933856,2,186096,1.4,0,4
149,1096342,0.231140768,1010040,1,311676,7.4,1,4
150,788571,0.08780677,608800,4,509156,7,1,3
151,2244284,0.63174811,549584,6,674197,7.3,0,3
152,1562403,0.749293371,214250,3,470317,7.8,1,2
153,0,0.198809585,-984537,3,960814,10,0,4
154,2530891,0.712899373,660023,5,947186,9.1,0,2
155,2189773,0.141187303,785237,4,142485,8.1,1,2
156,1268458,0.553741446,988444,3,817644,5.2,1,1
157,63867,0.373953049,-9572,7,934400,7.3,0,2
158,1305339,0.208027446,376214,7,757265,5.6,1,2
159,744243,0.137113065,270438,4,514795,9,1,1
160,360012,0.173590114,-350108,5,377648,3.6,0,3
161,2522514,0.679128929,326283,2,907342,5.6,1,1
162,1209273,0.516539851,700756,2,862104,1.8,0,4
163,594794,0.536814684,-413034,2,679678,2.5,0,3
164,901377,0.028763146,472871,2,220445,1.1,1,3
165,242054,0.110830581,-406959,3,80526,6.5,0,3
166,2034694,0.116642717,682488,3,737748,2.2,1,1
167,1323715,0.167639173,874096,4,959023,3.6,0,1
168,265530,0.695396815,168614,2,661335,3,0,3
169,2079690,1,1146716,7,504580,1.5,0,4
170,639062,0.497054514,528283,3,833218,9.7,0,2
171,819911,0.440165863,405490,1,446313,5.8,1,1
172,2896926,0.138251746,454963,2,243698,5.7,0,3
173,2505783,0.073166741,-379034,7,396387,6.2,0,3
174,1154289,0.117610549,-231287,6,575296,3.6,0,2
175,358406,0.447313088,106813,1,51669,2,0,4
176,2977230,0.09686306,-513877,2,881655,5.8,0,2
177,2966384,0.112072067,2036499,4,143490,3.8,0,3
178,2550786,0.073990029,-255056,1,274922,6.5,0,1
179,651987,0.272400118,122700,7,626309,5.9,0,1
180,2911784,0.416462972,-155916,1,932630,8.2,0,3
181,1489216,0.015782434,335690,5,544570,6.4,0,1
182,766468,0.42845904,-46166,4,767282,1.1,0,1
183,125381,0.246876408,-607765,4,710183,8.2,0,1
184,2304911,0.397791108,454722,1,303394,6.8,1,2
185,1191273,0.330271858,-986298,1,790991,2.5,0,1
186,1577886,0.640134125,-372915,2,272784,3.6,1,1
187,2847324,0.459473983,-114120,3,652017,9.3,1,4
188,108435,0.736625411,-607431,2,376914,2.5,0,2
189,2629875,0.392909275,566381,2,173204,6,0,2
190,2458516,0.005070689,-305869,6,25836,1.3,0,3
191,1346076,0.6811015,799921,6,762642,3.6,1,4
192,720911,0.114577961,366842,1,845789,3.6,0,3
193,2658197,0.614937715,991032,3,775986,7.4,0,1
194,1277703,0.414670014,758108,6,616585,3.6,0,3
195,1701068,0.475730266,651440,5,791816,8.9,1,4
196,511963,0.114086159,-600700,5,219677,8.3,0,1
197,1259064,0.548206665,-473426,5,222499,7.8,1,2
198,1902012,0.567445311,-121259,6,675255,9.8,1,4
199,1456928,0.11145166,1024016,7,495896,3.4,1,0
200,2050581,0.489900406,516585,1,36117,7.5,1,0
201,182470,0.250985096,-472220,7,480653,3.8,0,3
202,1748070,0.451858803,1306445,1,754981,3.4,0,4
203,1539905,0.319937258,-180970,7,827631,2.3,1,3
204,606676,0.289937822,-624282,5,298362,8.7,0,2
205,1097663,0.494002443,269585,3,62486,6.8,1,3
206,2207371,0.049786835,-59279,3,584402,6.5,0,2
207,761336,0.722987965,220172,6,986910,4,1,2
208,2155960,1,-26555,5,694263,8.7,1,1
209,2751853,0.557767878,586316,7,760223,3.8,0,3
210,1326099,0.445079527,-821586,3,980410,1.1,0,2
211,2416962,0.21463916,2167863,4,559737,7,0,4
212,142963,0.11630055,-313008,7,973503,2.2,1,1
213,654156,0.012752094,-996905,7,91318,8.2,0,1
214,2490521,0.725455271,2094807,1,386922,5.1,0,2
215,133677,0.310770519,-197181,4,134923,6.2,1,4
216,2292320,0.094708605,-74819,6,840586,4.4,1,2
217,256790,0.336868122,-149014,3,444742,4,0,2
218,1182327,0.266537885,-569596,0,690064,2.2,0,3
219,2023752,1,1316509,3,33976,1.5,0,2
220,646206,0.580241884,316415,5,697142,4.9,0,1
221,2442809,0.669211128,742362,1,242565,7.1,0,2
222,75760,0.431194298,-11346,5,841739,1.9,0,4
223,792953,0.559325281,682362,4,37924,1,1,4
224,2275986,0.628272633,448483,6,580451,6.2,1,4
225,2711937,0.187774526,-206053,5,575086,5.5,1,3
226,963392,0.269337071,262946,5,989067,7.7,0,4
227,1701666,0.040573759,674640,1,87726,9.7,1,2
228,1527078,0.710975969,794747,3,145325,4.9,0,1
229,1922375,0.604631122,-691992,6,11347,1.5,1,1
230,1432661,0.430574958,-354764,3,619324,9.5,0,3
231,1832542,0.332745746,-921385,6,252412,6.4,1,4
232,339748,0.505345405,77435,4,691388,8.8,1,3
233,1468338,0.047562509,4796,5,913927,4.7,0,2
234,837698,0.105291559,108036,7,871666,6.5,1,3
235,2052916,0.454536338,1393354,5,440585,3.9,1,2
236,641952,0.683455684,-519545,1,799908,5.4,0,3
237,1667038,0.565919507,96114,2,297540,7.2,1,4
238,2288774,0.040951169,716148,6,183814,1.6,0,3
239,716428,0.028944366,-374723,3,524589,7.3,1,4
240,2733859,0.008183505,2249928,6,866224,6.2,0,3
241,2884288,0.091722893,8116,2,959355,7.2,1,2
242,431221,0.131794094,175430,7,948873,10,0,3
243,1421922,0.508468285,-162662,6,535620,9,0,2
244,2839657,0.666923166,804166,5,151137,1.7,0,3
245,1017364,0.1745112,575703,6,632611,7.7,1,3
246,2301811,0.081487419,517436,7,408338,3.2,0,1
247,2280808,0.59850969,198032,1,401404,1.3,0,4
248,1464792,0.408524774,-464460,5,261580,8.3,0,3
249,1289532,0.444587258,-549561,7,13929,5.6,1,2
250,1316146,0.194107759,305311,7,937682,7.1,1,3
251,952267,0.071449316,703638,3,822306,3.6,1,1
252,2730777,0.278351039,716002,6,407296,5,0,2
253,2379353,0.333157568,638342,4,506285,7.2,0,2
254,145529,0.303832763,-221833,2,889797,7.3,0,2
255,1416120,0.611889566,1168420,5,435189,9.4,0,1
256,2072048,0.052065546,1859194,7,713789,4.9,0,2
257,646679,0.410126354,346142,4,691801,1.8,1,4
258,2185321,0.244135701,1924578,2,972795,8.7,1,2
259,575999,0.590239627,34672,5,571243,3,0,2
260,1366068,0.538649912,-666998,2,713856,6.6,0,1
261,2032734,0.152756443,-367938,7,187605,2.7,0,3
262,2532893,0.528468298,1091686,7,14594,5.7,0,2
263,2104180,0.680717285,-361272,6,839215,6.4,1,4
264,1207486,0.583948234,-882534,3,740338,0.216068653,0,3
265,2522552,0.325715716,-391254,5,40982,4.1,0,2
266,1510114,0.139029527,671584,4,941691,6.4,1,2
267,759934,0.409338687,-871845,2,699249,8.5,0,3
268,1704073,0.354101974,757947,5,724212,4.5,0,4
269,2001533,0.400622459,964551,6,372011,5.7,0,1
270,829340,0.405405375,-523523,4,777229,4.3,1,3
271,1023441,0.731340552,518497,4,176851,5.9,1,3
272,591625,0.263208554,-16197,2,328678,3.4,0,2
273,2356222,0.467946381,-325800,6,965863,6.7,1,4
274,13701,0.706663347,-830644,7,579351,6.3,1,1
275,1806906,0.581234049,-710607,2,371076,4.1,1,3
276,2449501,0.667202016,-353792,2,210375,9.6,1,2
277,2543839,0.196247451,524999,7,564326,5.1,1,2
278,2803352,0.295964751,-42086,1,15331,7.3,0,1
279,2516588,0.327564357,1941699,6,643589,1.8,0,2
280,162803,0.019314141,-271819,4,86023,4.2,0,2
281,806429,0.566975647,-813113,7,263355,6.7,0,3
282,2051615,0.457481221,312929,3,41028,4.5,0,1
283,2729039,0.011922712,-928999,5,470688,2.1,1,1
284,586578,0.249384497,-668936,7,401662,7.7,1,4
285,689794,0.034502828,435571,2,382235,3.4,1,2
286,2223140,0.319082874,256726,4,189229,9.7,0,1
287,976128,0.153060345,856201,4,225096,7.7,1,3
288,1685042,0.209017265,1120831,7,572372,2.3,1,3
289,0,0.171025955,-424717,6,436842,9.1,0,3
290,1032503,1,-548882,5,856662,1.2,0,0
291,461121,0.549256472,-932202,3,270362,8.1,0,2
292,1938813,0.542419904,1329944,3,46500,2.1,1,3
293,1690791,0.419852352,527386,6,542641,7.5,0,1
294,787683,0.590866266,-102776,5,812485,9.8,1,3
295,373061,0.188589692,-540455,7,932782,8.4,1,3
296,1878717,0.198532633,-919946,2,213580,7.8,0,4
297,2448806,0.627776294,622945,4,958660,5.7,0,3
298,2386652,0.124999576,-867082,3,101672,2.8,1,2
299,1868576,0.716865538,1669443,7,127825,8.6,1,1
300,353617,0.448725779,-564786,7,162184,0.852710491,1,1
301,2139499,1,43541,3,807078,4.6,0,1
302,11113,0.706638562,-394194,3,878390,9.1,1,2
303,2397858,0.517199137,2277275,4,523934,2.9,1,4
304,2533621,0.400079474,1666816,5,19463,4.4,0,1
305,1198145,0.460536429,-373162,1,72460,6.2,0,4
306,2099630,0.061939215,1623568,5,552428,6.8,0,2
307,1703796,0.098338698,1086707,1,762776,2.8,0,3
308,553713,0.700962052,-703206,3,82645,7.5,1,3
309,1915956,0.318046333,-589107,5,458751,8,1,3
310,1585217,0.33673787,742012,5,350230,9.3,0,0
311,25641,0.31457253,-195480,2,884003,1.4,1,2
312,257938,0.012680604,-855219,5,667123,1.9,0,2
313,791261,0.188534343,178493,5,370675,3,0,3
314,2611513,0.255840479,-466993,6,898400,1.1,1,4
315,2900725,0.125233182,-548814,5,296058,8.6,0,1
316,1060328,0.30336449,-253010,4,257174,8.2,1,2
317,2698588,0.283168875,438949,4,65812,7.4,0,2
318,1564548,0.187909741,-655862,7,774544,2.6,1,1
319,225177,0.390380253,-886392,5,395935,4.4,0,1
320,528139,0.554168633,-968002,2,159523,5.6,0,4
321,2041686,0.220622374,1757128,1,641950,2.5,0,3
322,1827982,0.055245041,878868,4,748637,3.3,1,2
323,1837545,0.736365225,1773797,4,51988,2.5,0,2
324,128046,0.577191089,-458022,2,211095,6,1,1
325,649443,0.379666024,-911491,4,60590,3.1,0,2
326,2754852,0.382339374,-765386,3,49609,9.7,1,1
327,287205,0.33240191,-109681,1,196871,6.4,0,1
328,467535,0.579841843,-648135,3,205890,6.7,1,2
329,2159258,0.42553981,2016140,4,526162,6.5,0,1
330,1415449,0.430613112,-591191,6,536506,3,0,3
331,859605,0.136784319,-380968,3,42273,6.2,1,3
332,835984,0.328180758,-8942,4,411006,3.3,1,3
333,2878097,0.611584595,1248592,1,739181,9.7,0,3
334,2899253,0.550785189,2009845,1,110287,4,1,4
335,1643785,0.071550804,1281137,4,835113,7.5,1,1
336,394904,0.366680302,281855,6,261151,9.5,1,4
337,2128668,0.394774069,602460,4,18103,10,1,3
338,391534,1,-607447,7,485525,3.7,1,3
339,1367180,0.454532626,-389375,3,189420,9.2,1,3
340,2812188,0.279159447,-348026,1,625696,4.7,0,3
341,2940066,0.39257511,1894457,2,401149,5.2,0,2
342,1927822,0.547664441,-824594,0,274930,2.4,1,3
343,2437247,0.441503225,195274,7,334917,8,0,4
344,1067423,1,881894,6,295984,5.6,1,1
345,1964030,0.745310444,1349635,1,910186,9.2,1,4
346,2767943,0.645076103,780017,1,219254,6.5,0,4
347,559744,0.217022746,370900,5,125201,3.1,1,3
348,2916907,0.008674638,-101081,2,592992,4.8,0,2
349,1456665,0.233239912,861795,5,276004,9.3,0,4
350,2474594,0.02627697,2422866,1,22380,0.376032455,1,2
351,2084006,0.193597129,1743958,3,977659,5.4,0,2
352,0,0.127453072,-482149,2,874876,8.8,0,2
353,385617,0.419663139,-89769,3,341666,5.4,0,1
354,0,0.326667059,-694607,5,815481,4.7,1,2
355,687585,0.572369756,211746,2,239464,6.9,1,4
356,411063,0.034212346,-840849,5,718867,6.7,0,2
357,2420968,0.620965554,-401673,7,585796,9,1,3
358,328568,0.70732843,-638123,1,483951,7.3,0,2
359,1462196,0.059365036,281755,7,113709,5.6,1,1
360,714302,0.377471125,-819578,6,655595,0.681024434,1,1
361,2167993,0.629287521,175441,1,710059,4.4,0,3
362,2583774,0.676083713,2328638,6,695734,2.1,0,4
363,2502601,0.491425765,459565,6,531154,4.2,0,1
364,1411333,0.272558666,-950317,0,136785,2.5,0,2
365,1087057,0.110246835,19663,5,704063,3.1,1,4
366,2332439,0.561699435,1675128,7,828034,4.2,0,1
367,347870,0.108686009,-104980,7,662063,7.2,1,4
368,225783,0.010999491,-188624,4,568993,4.3,1,1
369,1641212,0.110524523,-542957,4,612097,4.8,0,1
370,809204,0.398121675,-493757,3,536764,3.8,1,2
371,1918565,0.559296607,-962235,2,128410,4.1,0,4
372,2444030,0.351738226,-166980,1,126824,7.9,1,3
373,436512,0.703303865,-590360,1,100767,9.3,1,0
374,337619,0.590931299,-469323,4,716988,6.7,0,1
375,1224383,0.426283628,198500,5,54821,4.1,0,4
376,2713832,0.14299808,119274,2,985405,8.2,1,3
377,0,0.61993861,-687803,6,792676,7.9,0,3
378,75923,0.462269887,-149934,3,571830,7.7,0,4
379,591025,0.105605826,-456576,2,176884,8.9,1,4
380,650970,0.276594849,-908092,1,232831,8,1,2
381,2925418,0.194779052,1872616,3,450546,3.7,0,2
382,0,0.121932003,-697903,3,601447,3.6,0,2
383,692022,0.098560256,-210667,1,560386,8.7,1,1
384,1273189,0.562909324,1010704,5,224037,4.3,1,3
385,443647,0.282436715,269868,1,714645,7.9,1,3
386,2257548,0.496879141,-157648,2,360298,8.2,1,1
387,2427365,0.565160683,2004297,4,474074,3.4,1,4
388,1088367,0.701005593,-574945,7,686694,8.2,1,2
389,1285710,0.182230185,841026,6,651803,2.5,1,2
390,396195,0.276018062,-680667,5,248746,5,0,2
391,2858513,0.684809583,2469616,2,568498,4.2,0,1
392,2644696,0.634181364,262738,7,152007,8.9,0,4
393,1962913,0.545625899,466738,5,574704,7.3,0,4
394,2097706,0.527408259,-591151,1,315419,4.3,0,4
395,2225167,0.293214431,2018421,3,279113,9.5,0,4
396,2255254,0.201758,729339,3,143725,4.1,0,4
397,1665932,0.343162997,198427,4,934966,4.3,0,3
398,2089882,0.148053143,-478398,6,514578,2.2,1,4
399,2676365,0.153409509,-983920,2,41670,7.4,0,4
400,2658701,0.16332134,2384071,1,395060,5.9,0,3
401,1025300,0.717100095,-124191,7,852808,1.8,0,3
402,713927,0.507232669,327803,1,235861,7.7,1,4
403,2914177,0.592135754,2619593,7,451973,10,1,4
404,624806,0.0975143,-882423,2,555440,5.6,1,1
405,1910140,0.027889458,821566,6,146748,1.6,0,2
406,2718818,0.578122628,2318212,5,42967,5.3,1,1
407,1909161,0.02746712,679834,2,740417,8.5,0,4
408,1075120,0.595757126,7184,4,981925,2.3,1,1
409,449125,0.522194458,-220486,6,930141,6.3,1,0
410,2843891,0.332435291,1068491,1,509113,2.2,1,4
411,357913,0.518066406,-681640,7,63111,5.6,1,1
412,1060616,0.14193894,952053,6,376008,5.5,0,2
413,2057789,0.294846546,1925757,4,20323,7.6,0,4
414,520690,0.394351267,-176857,2,884256,4.2,0,2
415,1025318,0.426853048,-22155,4,6948,2.9,0,2
416,1396115,0.146584893,452626,3,124122,3.9,1,3
417,1690999,0.046468521,-508443,7,59701,6.3,0,3
418,1839117,0.301045883,-681218,1,413460,6.5,1,3
419,0,0.699517283,-333999,7,513071,1.7,1,4
420,1990847,1,1037637,5,764287,1.6,0,4
421,2318434,0.260105764,367670,6,867178,6.3,1,1
422,402045,0.325621258,-521934,4,562964,4.1,0,3
423,737813,0.265202405,-812336,7,350325,6.5,1,3
424,1754546,0.745555143,-948369,7,465581,1.1,0,1
425,2694045,0.164666493,1573538,5,649019,4.3,0,4
426,40962,0.673909958,-815944,6,525594,7.4,1,0
427,1639628,0.584077351,-32262,2,187005,5.2,0,3
428,2262371,0.604964335,701522,4,778096,5.4,1,2
429,2706311,0.231846095,1963673,4,647887,8.2,1,3
430,2336514,0.072486826,1105762,4,977117,3.1,0,1
431,539056,0.387697096,-236494,5,472694,2.2,0,4
432,1442657,0.113856382,-740374,3,533601,2,0,4
433,1956862,0.47578639,1795378,1,412920,3,0,2
434,1692525,0.486037376,1028382,2,21997,6.6,1,2
435,2672491,0.012781693,1990616,2,890605,4.9,1,3
436,527829,0.681308899,469123,2,361323,2.2,0,3
437,796007,0.16844269,-136430,1,312511,6.1,1,2
438,1729632,0.385082489,-365951,3,823233,7.3,0,2
439,84861,0.446747383,-785112,7,485601,9.2,0,3
440,1211992,0.554260419,421125,6,888321,3.4,1,0
441,1914482,0.548306797,1088278,5,261716,8,0,4
442,2898176,0.428412273,1575167,4,18677,8.2,1,3
443,2947493,0.745152655,-352169,7,493510,7.8,0,3
444,1679466,0.278430709,-331374,6,563066,4.1,0,2
445,2650496,0.716141204,2181797,6,401122,4.5,0,1
446,1605966,0.198275952,1079405,7,11653,6.5,0,1
447,2486567,0.671140481,-253735,4,261266,5.6,0,4
448,1127550,0.027957918,209081,3,21493,3.9,0,1
449,849783,0.715863406,-550691,7,922758,0.043911702,1,2
450,526526,0.332120347,-431342,4,226281,0.547669258,1,2
451,2571078,0.613748466,1438674,5,671034,8.3,1,3
452,2391723,0.553892613,843036,1,295644,3.8,1,4
453,167867,0.311682478,-572118,1,854427,10,0,2
454,442516,0.175959471,-617109,1,140488,1,0,3
455,1313870,0.406045204,648892,6,136588,4.4,0,2
456,2649158,0.65398126,2201550,6,84339,3.8,1,1
457,2558560,0.225079493,-463781,3,190037,1,1,4
458,450474,0.4287307,192009,5,927431,6.3,1,1
459,2164409,0.316384031,-390840,4,379788,2.3,1,2
460,1130850,0.274797694,450734,1,447982,6.9,1,3
461,1293363,0.183445816,-871300,5,617692,8.6,0,4
462,2132676,0.43638016,325310,2,441687,3.2,1,3
463,1394810,0.681838963,-124886,3,102067,6.2,0,2
464,174712,0.391398445,-990560,4,463549,7,0,4
465,1264990,0.691326316,303389,3,622533,0.081767133,1,3
466,0,0.048478073,-430175,4,687504,6.3,1,1
467,2696069,0.614505168,-7660,2,355317,6.8,1,4
468,1017078,0.387907021,627508,7,710987,6.5,1,1
469,2703899,0.455701183,187062,7,728587,5.3,1,3
470,1131082,0.023263951,-894603,0,26023,2.7,0,3
471,1582442,0.702780305,1270548,5,644546,9.5,0,3
472,1230021,0.660197894,-162492,1,857159,7.8,0,3
473,321924,0.128645052,-984692,6,64832,1.3,1,1
474,1240762,0.566519495,208438,7,813786,5.4,1,1
475,738994,0.528132098,-97557,2,780757,7.9,1,2
476,1875816,0.44526819,1733888,2,567973,7.6,0,1
477,106707,0.434459968,-886562,2,906424,8.2,0,3
478,2807955,0.587236194,2071874,5,322902,6.9,0,1
479,2384601,0.630981127,-75043,4,491642,6.3,1,1
480,2250795,0.661010621,-76663,7,867809,9.5,1,3
481,101728,0.127506624,-224134,6,518668,1.2,0,1
482,2038720,0.596439733,-843678,5,5583,3.3,0,2
483,1667798,0.240781919,916050,4,571760,4.1,1,3
484,336701,0.076243921,-641303,3,671962,9.1,0,1
485,1329503,0.321876609,-694804,1,461147,4.8,0,1
486,91405,0.202243869,-813359,3,8779,6.1,1,2
487,1033410,0.167856264,144180,4,469177,2.8,0,1
488,403699,0.602071734,228001,6,968204,7.8,1,2
489,18491,0.037216607,-832511,4,782329,4.5,0,0
490,2205568,0.549943571,729065,2,899665,6.8,0,3
491,2285454,0.075657933,1599009,2,650781,9.1,1,2
492,2787706,0.656095555,-28326,7,450462,6.6,1,2
493,1977906,0.501664878,1183408,7,361537,3.7,0,1
494,1839685,0.186279838,-528955,2,246018,3.3,0,1
495,2884744,0.23860796,1307170,5,205550,7,1,1
496,680936,0.285532719,-473709,1,15525,2.8,1,4
497,880446,0.308999382,-58725,4,740689,3.7,1,1
498,2498695,0.599591415,1655179,3,236641,3.5,0,4
499,1747967,0.152184173,222348,2,797788,6.1,0,2
500,395398,0.684251133,247825,1,918316,9.3,0,2
501,642376,0.55276251,-533896,3,532509,7.9,0,2
502,2174778,0.556266687,-823870,3,492525,9.1,1,4
503,2900560,0.533794515,-407073,4,158609,6.4,1,1
504,823854,0.137706852,-470933,6,362550,3.4,0,4
505,2262780,0.470969802,540370,4,389539,4.3,1,0
506,1975955,0.170314613,-882783,1,670668,3.9,1,3
507,958051,0.554633455,674273,6,905984,6.4,1,3
508,123373,0.174692766,-821468,7,461619,6,0,1
509,2230291,0.735308212,552354,1,45895,4.4,0,3
510,2795693,0.395109169,2283380,4,921587,3,0,1
511,2290890,0.127794146,-617130,4,448074,6,1,4
512,2010517,0.087094736,-955614,1,29187,2,0,1
513,2173785,0.346484736,2011709,3,417599,3.3,1,3
514,2402074,0.282305683,1685619,4,37547,3.4,0,4
515,2433763,0.406578856,522255,2,1681,5.7,0,3
516,2964883,0.191033827,193502,2,844682,1,1,3
517,2527105,0.630772784,-854663,2,787747,1.6,0,2
518,1227789,0.609327899,936271,5,937843,7.6,1,2
519,2305083,0.51241598,1717490,1,485362,2.9,0,3
520,1987835,0.298677852,-227373,3,342590,9.5,1,2
521,1086525,0.716544328,-368859,1,378686,9.4,1,0
522,2450132,0.367177339,2343878,7,974865,4.1,1,1
523,722220,0.08562659,149702,4,556728,6.9,0,2
524,2040458,0.030965327,1193881,1,826427,1.9,1,2
525,1481226,0.197241603,911023,1,660646,2.3,0,1
526,2959802,0.026310238,-498357,7,22701,6.2,0,3
527,1042640,0.015960746,848191,2,406780,0.217355541,0,1
528,696552,0.05859692,-488394,1,700901,2.9,1,3
529,0,0.595341668,-594653,4,593222,3.4,0,4
530,1775424,0.272107291,1630140,1,579690,6,0,3
531,2356216,0.400182742,722375,5,148651,5.7,1,1
532,2734972,0.20855906,393621,4,108550,4.9,0,1
533,2910643,0.747644386,2470765,2,614930,7,1,4
534,520688,0.452741084,406959,6,957737,3.8,0,4
535,2831847,0.456033701,1050708,5,596597,3.8,1,1
536,2925634,0.373750061,1694562,3,839451,2.6,0,4
537,1383912,0.001970419,580949,4,881813,6.1,1,4
538,2282933,0.047420253,2079317,6,105363,9.2,1,2
539,374817,0.377492278,-910879,3,432091,2.8,0,4
540,302464,0.352035246,-872320,4,855251,7.3,1,1
541,1346160,0.554884522,1195520,3,855906,1.5,0,4
542,2099351,0.223980017,120852,2,556305,4.8,1,3
543,2397363,0.2134939,1131111,1,978740,2.7,0,4
544,848066,0.442284047,146367,1,217113,9.9,1,4
545,67404,0.060463628,-281897,7,397834,2.4,1,3
546,925417,0.330111885,-725768,1,499380,7.9,1,1
547,2330094,0.514169426,-827499,6,387757,8.4,1,4
548,314241,0.208929177,-702120,7,915974,4.9,0,1
549,1149989,0.564094829,652872,2,902949,7.1,0,3
550,2567599,0.443108895,1674208,6,65098,1.9,0,2
551,1322820,0.628312966,-122972,3,890785,8.9,1,1
552,210231,0.294239254,-251498,4,734826,8.9,1,4
553,584691,0.489296453,-920218,7,914145,5.8,0,4
554,1186265,0.025802175,317781,1,867552,6.6,1,2
555,1621959,0.529148244,-712293,4,259250,7.3,0,1
556,2106588,0.741786439,870282,5,618674,3.4,1,0
557,1577254,0.748434364,539209,3,512386,8.2,0,2
558,838162,0.425083033,609199,4,45978,6.1,0,3
559,293718,0.122033268,-11926,7,359298,8.9,0,3
560,171341,0.63469409,-373291,4,401533,5.5,1,3
561,1123849,0.066854581,-401936,3,180489,7,0,3
562,536195,0.08874381,-252868,1,124498,1.9,0,3
563,1102855,0.332793297,-925561,6,860016,2.6,0,4
564,2726273,0.079008239,1405621,5,686855,9.3,0,1
565,2286286,0.230658366,-138544,5,710865,7.3,0,2
566,794636,0.516795969,555257,1,295386,5.5,1,1
567,1699907,0.556357016,169494,3,818360,4.1,1,4
568,2876738,0.553031245,790266,2,773243,6.9,1,4
569,2044236,0.172331861,1003284,3,61862,8.4,1,1
570,1975580,0.550669439,1794487,4,878848,4.5,0,2
571,1048267,0.203521135,536843,5,963302,5.6,1,1
572,928230,0.372905825,48306,4,529938,1.3,1,1
573,773803,0.735083591,-536314,3,38200,5,0,2
574,2666795,0.051868806,1151226,4,192506,1.7,0,3
575,1323592,0.10464272,-996696,6,471390,2.2,0,3
576,1712207,0.248606493,144892,2,810277,9.6,1,2
577,960188,0.086625724,4802,6,104425,4.4,0,2
578,2447671,0.30867713,759390,4,966860,7.6,0,2
579,2054849,0.334253457,699003,6,600641,4,0,4
580,2204694,0.568855049,1647710,7,64836,2.7,1,4
581,2976640,0.738010765,-428799,6,663795,8.9,1,4
582,1495410,0.252505761,1311678,1,865921,3,1,1
583,0,0.482203426,-287686,6,446367,4.5,1,4
584,781843,0.532732759,-487315,1,645294,7.3,0,4
585,2531068,0.540359516,600819,7,181190,9.1,1,4
586,1670785,0.669109572,1342523,2,354082,1,0,1
587,1440394,0.573707352,702802,3,351883,2.4,1,3
588,1162397,0.336245882,265852,1,993760,1.5,1,2
589,1311263,0.401418986,-372564,7,469211,8.2,0,1
590,1297994,0.38040708,251469,7,80120,6.3,0,2
591,2607483,0.52303476,-452747,4,409148,8.1,1,4
592,178431,0.514037958,-273737,3,459110,8,0,4
593,400273,0.723989281,273981,5,236133,2.5,0,2
594,790087,1,-629642,6,726749,7.6,0,4
595,2629126,0.369172114,-747131,4,764361,6.9,0,2
596,2257730,0.195238485,1463268,0,404732,9.2,1,4
597,2076955,0.218695566,-554318,2,641017,7.3,0,1
598,2232801,0.380705705,1368124,4,68611,8.9,0,1
599,167715,0.21346626,-300159,7,545018,4.6,0,2
600,2004190,0.694596193,1765717,3,453854,5.2,0,4
601,2307114,0.119994132,-108574,3,340720,5.6,0,4
602,2047395,0.224217924,434891,6,781926,7.2,0,4
603,1017987,0.659780858,770167,3,936578,8.1,0,3
604,2324834,0.720438909,-931949,5,841795,3.2,1,2
605,2342869,0.18530857,653180,6,710377,8,0,2
606,2791273,0.560435565,164227,1,894736,6.7,0,2
607,555015,0.192630829,-469478,6,681822,1.9,1,2
608,641786,0.544021121,-844540,6,547807,7.5,1,3
609,2953139,0.540573419,-900144,2,57192,6.4,0,4
610,614085,0.181311039,510731,2,484125,6.4,0,4
611,1888269,0.534324111,-604025,7,692790,5.9,0,3
612,1785801,0.222776299,801831,3,50511,5.7,0,3
613,2683443,0.179003329,-282535,2,839378,6.4,1,4
614,423314,0.647476681,-460847,4,53648,6.4,0,4
615,25623,0.400626521,-720815,3,822950,6.8,1,1
616,1469702,0.67409873,1303847,3,506409,2.7,0,4
617,935621,0.718664784,-130129,7,839008,5.9,0,4
618,1561641,0.64105829,-337793,4,317144,4.8,0,2
619,1956697,0.746635535,237357,2,342573,4.5,0,4
620,1799130,0.231734024,996359,7,120198,3,0,2
621,1297848,0.534638907,-920989,5,445761,6.6,0,1
622,1588487,0.07181935,657373,2,933040,1.1,1,2
623,126988,0.290618706,-911612,1,986490,3.8,1,1
624,1953069,0.031491189,-836497,5,806277,8.8,1,4
625,1402933,0.025462393,547657,6,419597,8.8,1,4
626,2588844,0.64318355,1652031,7,541970,3,1,1
627,583202,0.664807554,-739464,1,273677,5.8,0,4
628,2958216,0.515925096,1424497,7,600778,7.4,1,1
629,1375168,0.635233831,-185559,2,663831,1.8,0,0
630,1358030,0.528913834,132276,6,610889,0.162961933,1,1
631,2213736,0.077112114,120861,7,406954,3.2,1,4
632,2536931,0.341267132,1654116,4,561959,7.3,0,1
633,2701685,0.163681336,1212905,7,185436,7.1,1,4
634,14608,0.4145359,-898694,5,804217,8.3,1,2
635,288470,0.547681143,-302322,4,139759,2.8,0,4
636,741663,0.603544356,-677169,1,725722,7.4,0,3
637,1737096,0.027423454,-309370,2,682573,9.8,1,4
638,424314,0.437213709,-642577,4,955460,5.9,1,4
639,1666071,0.748977215,581546,5,463791,1,0,3
640,846550,0.0208218,129711,1,125660,9.7,1,4
641,251340,0.647206189,-609438,7,611743,6.9,0,4
642,1237066,0.375880888,766967,3,665069,4.9,1,3
643,1184755,0.49110256,-38989,2,563381,4.2,1,2
644,933864,0.447028901,-622173,2,79877,6.8,1,1
645,974958,0.322131096,-128613,6,842793,9.6,0,4
646,1338493,0.338818895,-80713,1,181527,6.6,1,2
647,1363289,0.082916245,-702912,1,784635,8.8,1,4
648,2844491,0.179125334,-100901,3,529169,3.8,1,2
649,876842,0.461663485,-97400,4,781012,0.205090625,1,2
650,1287845,0.507211976,-186835,4,948050,2.9,1,3
651,2182100,0.632436863,1147930,4,832799,3.8,0,4
652,2215477,0.700666448,183128,7,690386,3.8,1,2
653,2710924,0.250638858,1399404,4,89659,6.9,0,2
654,1375125,0.550515169,-224632,4,55271,4.4,1,1
655,1769934,0.221155958,723110,5,846079,6.8,0,2
656,0,0.389314726,-587279,4,334325,9.8,1,1
657,519121,0.367856582,-849347,7,187407,8.7,0,3
658,1852941,0.414781108,-667635,7,976567,4.2,0,2
659,2782829,0.065347402,1748807,1,14008,10,0,4
660,1383204,0.700700321,1284317,1,521290,3.2,0,1
661,2173834,0.708499941,-791995,7,70071,4.2,1,2
662,2674542,0.099240559,-538575,6,151975,3.6,0,1
663,2598824,0.434976612,1823126,1,554904,4.7,1,4
664,1945846,0.336635311,-537538,6,6030,7,0,4
665,2132670,0.299066232,1467410,3,195736,9.3,1,4
666,947148,0.645732238,666196,5,329741,4,0,2
667,2956889,0.29964417,1938851,4,606818,1.8,1,2
668,2987540,0.116663568,564400,1,665070,1.4,1,3
669,2607796,0.61210977,-116360,7,226085,4.9,0,4
670,158502,0.12056712,-983034,5,873176,4.3,0,1
671,2863868,0.393144993,1157233,2,784948,1.2,0,3
672,1539158,0.665455617,-672056,3,998524,3.2,0,1
673,885110,0.293681346,773841,5,604788,7.8,0,4
674,1590164,0.45404378,-889374,1,806031,1.6,0,4
675,1819488,0.303066316,-211428,4,638949,7.2,0,3
676,2604198,0.346622598,2461637,2,638966,2.3,0,3
677,1399924,0.128519617,632920,3,873118,4.6,1,1
678,25605,0.73397874,-375253,4,133389,9,0,4
679,2012191,0.627773481,485104,7,486907,3.1,0,1
680,1475314,0.471410999,1010922,1,626798,3.7,1,2
681,2347491,0.656014597,1546637,6,50814,5.9,0,1
682,1041369,0.160772191,990458,3,158008,1,0,2
683,2953999,0.466475414,1100912,2,599147,7.5,1,1
684,1263825,0.297793169,-175835,2,100513,5.7,1,3
685,751314,0.678479774,496275,3,756478,5.9,0,1
686,747727,0.015281005,350857,1,332233,1.8,1,1
687,1717274,0.670999239,132590,5,607684,4,1,3
688,2478386,0.138856779,738104,1,799499,2.2,0,3
689,410072,0.436765853,-922731,2,320245,3.3,0,3
690,138030,0.543648131,-167212,5,316265,1.4,0,4
691,1652588,0.349511015,-530725,2,230596,7.1,0,3
692,2557840,0.564447922,-111558,1,148741,4.9,0,2
693,2133462,0.264861758,1823767,7,838520,4.4,0,1
694,2918179,0.439305984,642282,1,125923,8.5,0,1
695,2769130,0.518338958,723970,4,664695,9.7,0,2
696,2521412,0.334713654,1848100,6,603808,7.8,1,1
697,1337903,0.209679342,-933984,7,732228,4.4,1,2
698,937432,0.360613908,40721,2,312284,0.988254191,0,4
699,2019230,0.649116302,1006011,7,185066,1.1,0,4
700,237341,0.442702516,-445216,2,412392,1.7,1,1
701,2249051,0.699056437,264561,5,880143,9.6,0,2
702,0,0.4580943,-159280,2,354182,3.7,0,1
703,0,0.517146533,-914941,2,549354,9.8,1,1
704,644809,0.094763423,461306,3,550991,6.5,0,2
705,1037854,0.116430173,655796,6,151502,8.1,1,4
706,1461792,0.331196451,1329033,7,216580,4.6,1,4
707,1319092,0.331186416,-327311,1,584022,9.9,0,1
708,1474752,0.580570053,28453,5,934884,9.3,0,2
709,943491,1,-223446,3,451262,6.8,0,3
710,67615,0.205352041,-331800,7,67978,5.4,0,3
711,624974,0.045510044,537908,5,387678,9.2,1,2
712,566710,0.380562114,368536,5,227675,3.4,1,4
713,867930,0.338555407,-627394,6,69668,3.5,0,4
714,2147884,0.706587902,-366769,5,877004,1.4,1,3
715,268839,0.687779514,-891770,6,232612,6.4,0,2
716,2747546,0.060868204,261111,4,588937,4.3,0,3
717,594135,0.651074041,236872,1,412848,3.1,1,4
718,0,0.598522751,-423081,6,122501,7.1,1,4
719,1408176,0.487178932,1112345,1,321164,1.1,0,1
720,2571601,0.052716821,-153315,2,335615,3.9,1,1
721,172638,0.066041834,-71281,5,337726,9,0,3
722,2923001,0.637760637,886259,5,755069,7,1,2
723,518313,0.144846041,-84344,5,328877,5,1,3
724,2810052,0.09561536,2215704,3,5124,5.2,0,3
725,1575610,0.080541351,-227993,3,561786,1.2,0,4
726,758252,0.485832837,377040,6,73312,5.6,0,0
727,486789,0.329830064,-905230,3,907000,8.4,0,3
728,1401768,0.608727481,535894,2,24421,4.7,0,3
729,2645075,0.051823157,2128214,6,577088,2.4,0,4
730,2526005,0.246228463,1820922,6,652572,8.3,0,4
731,189809,0.207093593,-420706,2,736648,6.6,1,4
732,2016785,0.169004656,852511,5,252620,9.3,0,4
733,2451889,0.035962261,696314,4,710807,2.6,1,3
734,2856457,0.297867906,1472350,6,936008,9,0,1
735,1566714,0.406045264,-896892,5,269116,5.7,0,3
736,225283,0.35937307,-631493,7,262272,5.5,0,2
737,2493425,0.25120194,34041,7,865803,3.5,0,2
738,163617,0.386219178,-52401,3,537997,2.9,1,4
739,1749976,1,232284,4,650562,2.9,0,0
740,2338618,0.456245648,1109997,2,361091,3.1,1,1
741,2916119,0.619787773,2116746,2,195903,4,0,3
742,1634975,0.399866626,1404301,2,206370,9.2,1,1
743,1693907,0.356563704,726446,4,936858,6.9,1,2
744,2442573,0.062727492,1031879,4,191537,6.2,1,4
745,2828155,0.52916965,1060686,4,582634,4.9,0,2
746,55549,1,-715436,7,851187,1.9,1,4
747,2091203,0.45472744,1315358,4,764915,2.2,1,1
748,2257564,0.335884543,998563,5,546846,8.7,0,2
749,1355909,0.054986738,1204727,5,456152,9.7,1,3
750,1229916,0.567464642,554845,7,92939,4.1,1,0
751,2643983,0.122666708,139909,1,62446,2.4,1,4
752,2450710,0.733826467,-968104,1,646709,3.8,1,4
753,720222,0.018607483,-50872,1,326588,7.6,1,3
754,680406,0.060169777,-671490,2,413683,2.1,1,1
755,1054969,0.433056215,-485008,3,255799,9.3,0,2
756,2586906,0.336236558,407415,5,799642,5.8,1,3
757,2466390,0.041548093,-553666,7,56785,1.9,1,4
758,531633,0.511145552,-892336,7,527409,1.5,0,3
759,1004436,0.445687822,-556334,6,267005,7.4,0,1
760,1759206,0.369920603,38182,2,15791,2,0,1
761,1149533,1,-24510,4,535781,7,0,1
762,1383678,0.356288805,-854149,3,281462,3.1,0,0
763,390578,1,-40564,3,230941,4.7,1,2
764,990656,0.699761794,-118464,2,755677,7.8,1,1
765,1348837,0.60721399,789730,1,870613,7.6,0,3
766,538438,0.668719221,-744512,2,288154,8.1,1,3
767,1662337,0.003299446,440586,4,266346,9.8,1,0
768,0,0.219089129,-97803,2,963756,1.2,0,4
769,1963394,0.234486957,1549028,6,124033,3.8,1,2
770,2646086,0.552105962,-961396,4,194879,7.6,0,4
771,224715,0.45140421,-302157,1,597123,3.6,0,1
772,1252661,0.098341184,662084,1,147712,9.4,1,3
773,1042903,0.214777343,-513898,7,64106,3.5,1,2
774,2817138,0.449453396,-495772,2,630764,0.979454816,0,2
775,2020220,0.652669338,-742647,1,693103,6.9,1,1
776,2665367,0.148192735,82290,2,22176,6.8,1,2
777,171540,0.562729439,-171931,5,267373,6.1,1,2
778,1614031,0.518689583,803382,1,981724,5.4,0,1
779,364696,0.384494192,-679410,3,879969,7.2,0,1
780,825013,0.747284366,302997,3,478779,1,1,2
781,675168,0.087514406,30136,6,188902,3.5,0,2
782,2390654,0.366035161,654826,3,537989,9.7,1,2
783,2344675,0.057457012,-371015,1,460001,1.6,0,2
784,2082090,0.541969591,510923,4,270063,2.1,1,1
785,2417120,0.512289803,-413256,4,884019,9.9,1,2
786,230786,0.564494233,-926993,1,235975,2.9,1,4
787,2487708,0.460646575,-471784,2,693367,1.2,1,3
788,2879445,0.208838762,-931459,6,385719,7.5,1,3
789,1277409,0.525223329,618860,1,929871,2.3,1,3
790,2222991,0.35556192,-341097,7,807565,7.6,0,1
791,1723273,0.506138392,-81096,2,396538,2.2,1,3
792,184486,0.365453608,-469158,1,920789,3.3,0,2
793,1517469,0.360714726,-213647,1,943709,8.8,0,2
794,2410251,0.556573551,2070074,6,908035,1.5,1,4
795,980750,0.076326687,820510,7,703735,4.7,0,3
796,1223169,0.208887801,580739,1,367332,5.7,1,4
797,2546741,0.433041386,2421599,3,412959,8.9,0,2
798,2377893,0.072344905,2190022,3,93710,2.9,1,1
799,1116983,0.189092658,-132516,3,4776,5,1,4
800,746325,0.21031368,516926,7,659367,1.9,0,3
801,2748468,0.684483367,2440842,4,189018,9.5,0,4
802,0,0.107884175,-608892,2,436812,9.3,0,3
803,0,0.050612286,-403586,7,748689,9.9,1,2
804,857874,0.142238653,322046,4,274666,8,1,2
805,2826315,0.141911746,85907,4,114222,2.1,0,4
806,199658,0.403401298,-582479,1,292324,9.1,0,1
807,886153,0.084976264,416529,4,381677,2.3,1,4
808,121640,0.065678127,-900770,5,974032,5.2,0,1
809,1769923,0.426815897,-132505,2,519595,6.6,1,3
810,0,0.554023609,-815477,6,796350,4.7,1,4
811,2481231,0.479521514,40524,1,28147,9.7,1,2
812,2956640,0.145158559,1390207,4,994172,1.4,1,1
813,2599876,0.29717929,1458871,7,477849,4.9,0,2
814,2502180,0.589731416,954248,3,518106,7.7,0,1
815,1206670,0.572939924,595869,4,141718,4.6,0,1
816,2907713,0.186826335,1572800,2,308389,1.9,1,4
817,1638581,0.205619609,-341874,7,25708,1.4,1,1
818,2771549,0.236227395,-217745,1,48591,0.632167701,0,4
819,2385586,0.016896273,425891,3,848463,8.2,1,3
820,1035370,0.196561856,-390645,1,110902,5.6,0,4
821,2784637,0.614961561,472198,1,977068,6.9,1,3
822,79389,0.646643262,-99812,2,636836,8.1,0,2
823,2565104,0.688613647,1473931,1,118323,6.7,0,4
824,150180,0.432482483,-578332,3,356097,2.2,0,1
825,905904,0.494120847,213947,1,349157,4.8,1,2
826,267829,0.024313098,-257374,3,291214,6.7,0,2
827,829727,0.308508173,-526342,4,405389,5.7,0,3
828,2782924,0.369471351,-978643,1,311001,2.9,1,2
829,920319,0.301994637,-498460,1,822586,9.5,1,3
830,2159228,0.468402261,-767062,5,323159,7.9,1,2
831,1981133,0.20521669,1446880,6,651708,7.2,0,3
832,687478,0.032906001,-708396,2,677240,9,1,2
833,690272,0.428739936,-272600,3,937679,6.3,1,4
834,1021972,0.500465507,440403,1,268440,5,0,3
835,94812,0.11599722,-117027,2,676554,2,0,3
836,685249,0.203223157,245497,5,308305,0.434939749,0,2
837,48847,0.740579301,-975498,5,2835,7,1,4
838,1717361,0.597811412,964116,3,497884,2.9,1,3
839,411276,0.394532013,262519,6,99986,2.5,1,4
840,74609,0.362490522,-687176,4,713693,1.7,0,3
841,2605651,0.49661487,2070392,2,270318,7.4,0,1
842,249863,0.41092487,-595406,1,426615,9,1,1
843,508709,0.713946773,-907321,1,1083,6.3,1,1
844,195097,0.130630303,-139617,1,663864,3.2,1,3
845,1788703,0.349686882,1253926,6,189681,1.5,0,4
846,41816,0.02542881,-421057,2,6357,4,1,4
847,419127,0.649743471,875,1,352846,6.8,0,1
848,2778138,0.668366992,1375653,2,552407,1.7,0,3
849,1506991,0.198657387,838413,0,36195,2.6,0,4
850,602654,0.41290715,-853811,7,415666,4.6,1,3
851,2770850,0.11603621,-216531,1,915338,4,1,2
852,1373362,0.229332667,-834915,2,874650,2.5,1,1
853,1024043,0.240671981,-608697,1,373586,4,1,4
854,1512883,0.182734307,-292613,6,986403,5.8,0,2
855,2189135,0.749832572,-843940,4,910418,2.5,1,1
856,745800,0.733516887,-731454,7,746697,1.6,1,1
857,1212613,0.207845204,-70592,1,380857,3.9,0,1
858,1649804,0.421450651,167898,7,890081,4.4,0,2
859,2523283,0.030827309,-705058,5,786303,3.4,1,2
860,1253931,0.284395987,1109252,1,655023,5.7,1,1
861,2342178,0.301122595,1868092,4,171146,6.1,0,2
862,2937206,0.082111975,1035497,2,362953,6.7,0,0
863,2013979,0.302339226,485031,2,646220,8.8,0,4
864,406624,1,11626,4,381904,8.2,1,3
865,1637850,0.416109825,264284,3,643304,8.6,1,3
866,2202560,0.014968494,1951996,6,964029,3.6,1,3
867,1522018,0.06160531,1164683,7,387062,4.8,0,3
868,1494410,0.543956323,918301,2,573884,0.372051585,0,3
869,1630936,0.030354247,1257394,5,179098,8.7,0,4
870,1376431,0.568874527,1089229,2,19874,3.4,1,1
871,62098,0.229535652,11527,5,583,7.9,0,1
872,116449,0.029554598,-751926,7,203065,7.5,0,3
873,1836622,0.635709315,-197293,6,733822,7.8,1,2
874,2678806,0.64629996,356626,1,249987,8.1,1,2
875,69725,0.25254646,-285520,6,593318,1.8,0,3
876,1650852,0.536037336,1373474,2,41311,8.7,0,4
877,1565512,0.455952792,184817,2,244761,5.9,0,4
878,1864058,0.298712587,926029,3,872560,7.2,1,4
879,2396901,0.557115376,2220609,4,492378,1.1,1,2
880,1429799,0.177977657,1188684,2,820435,2.6,0,2
881,2465957,0.188968088,890248,3,711001,7.6,0,4
882,809073,0.116354575,298791,7,513914,9.5,0,3
883,2134851,0.429774244,141552,3,698507,7.4,0,4
884,1711243,0.146252352,-852522,3,661158,7.9,0,4
885,1100245,0.632811188,-647312,2,504308,2.8,0,2
886,957448,0.385067107,731577,5,269801,1.3,1,4
887,1773361,0.157110709,766088,5,915577,9.1,0,2
888,2307361,0.035046936,2201105,5,399564,6.7,0,4
889,2936216,0.086240888,410336,3,799443,8.6,1,4
890,1956239,0.227712541,1710798,7,141838,7.8,0,4
891,1359490,0.741046129,-78481,3,826101,7.8,1,0
892,2265356,0.199804163,1934568,6,648345,3.5,1,1
893,456254,0.085074453,-4773,5,784173,4.8,0,3
894,1132963,0.33022198,515654,2,445825,3.8,0,3
895,673332,0.637153075,-21646,4,986174,6.5,1,1
896,1228243,0.600175778,-946270,4,830399,2.9,1,2
897,1680586,0.031244075,49124,4,936878,0.480852223,1,4
898,312194,0.360935046,-496168,6,271624,1.8,0,2
899,2008726,0.141580788,1650292,3,111635,4.3,1,2
900,886544,0.678405304,-646962,4,855634,1,1,3
901,1746942,0.467734038,-942762,6,601296,6.5,1,2
902,1755384,0.01768353,-174470,3,57084,4.1,1,1
903,2424327,1,2204139,5,277370,6.9,0,1
904,818548,0.369880445,478838,6,870270,1.1,0,2
905,1878571,0.377264355,402056,4,153882,6.9,1,3
906,1361338,0.199425546,-668546,5,151774,2.9,0,4
907,1292442,0.152576949,101900,7,251206,1.1,1,3
908,2606157,0.343921295,-669765,1,968096,8,0,3
909,2411656,0.276158313,1990732,3,765119,0.432611306,1,2
910,1041162,0.427644172,807625,6,275372,3.5,0,4
911,917086,0.675424137,-656938,3,756435,9,1,2
912,2465517,0.067357868,1688786,1,545963,8.3,1,1
913,1222703,0.40048151,434262,3,275133,4,1,1
914,2127819,0.637972054,-698809,4,797834,7.8,0,2
915,2401812,0.065992538,-981835,4,820272,1.1,1,4
916,448670,0.034141705,391675,5,608400,10,0,3
917,2750666,0.557878168,1344599,4,690772,4.1,0,4
918,2279621,0.182341972,479539,7,424414,2.4,1,1
919,708419,0.474221935,371855,4,788903,4.5,1,1
920,383407,0.634505744,222195,5,753804,1.7,1,4
921,879982,0.348666766,360612,6,231289,5,1,1
922,911348,0.203616279,770134,6,335143,2.3,0,2
923,1992842,0.526128319,1254119,7,589045,8.3,0,2
924,941196,0.465703408,-862962,7,563060,4.9,1,1
925,909281,0.318037378,122600,7,974172,1.8,0,2
926,220446,0.272662618,-175986,1,439648,5.6,1,2
927,215646,0.567242249,-376584,7,97712,9.4,0,4
928,2010528,0.058987026,500676,2,953752,9.1,0,1
929,548918,0.685992385,-767138,7,41611,1,0,4
930,330896,0.567992487,-500305,6,330715,3.3,0,3
